priority,target,target_type,platform_or_context,public_contact,status,core_falsification_question,upgrade_condition,negative_condition
1,LandLogic / Parcella,direct competitor,"Ontario property intelligence + permitting API / One Ontario",info@landlogic.ai,sent_2026-08-28,"Can third-party SaaS already obtain standardized programmatic building-permit applicability across municipalities, and is access self-serve / non-municipality-sponsored?","Competitor confirms permit-specific API is unavailable or materially implementation-gated AND buyer evidence later shows demand for the missing lightweight surface","LandLogic confirms it already provides a competitive self-serve or low-friction permit-determination API for the target workflow"
2,SoumissionRénovation.ca,high-volume renovation platform,"Quebec project-intake and contractor-matching platform; 155k+ projects reported for 2025",pro@soumissionrenovation.ca,sent_2026-08-28_with_covered_city_followup,"In Gatineau/Laval/Longueuil and current families, is permit applicability still unresolved before contractor matching, and would a unified machine API materially improve the workflow versus municipal assistants/manual research?","500+ covered-city monthly current-family events with unresolved applicability plus a concrete reason current municipal/internal/vendor tools do not fit, or a credible expansion path with explicit integration interest","Covered-city volume is too low, applicability is normally already known/handled downstream, or existing platform/municipal/vendor tooling is already good enough"
3,DigitalStaff,independent automation integrator,"Ontario construction + Buildertrend custom integrations",info@digitalstaff.ca,sent_2026-08-28,"Across construction automation work, is pre-quote permit-applicability research a repeated gap, and would an evidence-linked API materially improve it versus existing tools?","Concrete repeated workflow + reason existing municipal/LandLogic/permit-vendor options do not fit","Existing tools/processes already solve it adequately or the decision is too rare/manual to automate"
4,TradeOps,independent field-service implementer,"Canadian Jobber / ServiceTitan / simPRO / Housecall Pro implementations",info@tradeopsolutions.ca,sent_2026-08-28,"For residential construction/remodeling-type jobs, is permit applicability unresolved before quote/job finalization and worth automating?","Repeated cross-client workflow + clear integration point + alternative-tool gap","Applicability is normally already known, occurs downstream, or is too infrequent to justify an external API"
5,4 Level Coach / 4 Level Integrators,multi-account construction-software integrator,"JobTread / Buildertrend builders and remodelers",info@4levelcoach.com,sent_2026-08-27,"Across multiple builder/remodeler clients, is permit research repeated before proposal/job activation and why would existing alternatives fail?","Bounded cross-client incidence plus concrete differentiation reason or representative E3 cases","No repeated pre-contract decision or current municipal/vendor tooling is already sufficient"
6,JobTread,platform / potential distribution buyer,"Open API + builder/remodeler workflows",info@jobtread.com,sent_2026-08-27,"Does JobTread have enough Canadian current-family workflow volume, and is permit applicability a missing integration category rather than a solved partner capability?","Bounded Ontario/Canada current-family denominator plus integration-interest / missing-capability evidence","Low Canadian denominator, existing marketplace solution, or no meaningful upstream permit-decision workflow"
7,Buildertrend,platform / potential distribution buyer,"Builder/remodeler Estimates / Proposals / Jobs",support@buildertrend.com,sent_2026-08-27,"Is there a repeated Ontario/Canada pre-proposal permit decision and does Buildertrend lack an adequate current integration for it?","Bounded current-family volume plus concrete unmet integration need","Existing Buildertrend process/partner already handles it or incidence is too low"
8,BILD / RenoMark,independent industry cohort,"GTA professional renovators",renomark@bildgta.ca,sent_2026-08-28,"Across professional renovators, how often is permit applicability actually researched before estimate/contract, independent of any software vendor?","Anonymous pulse or representative cases show repeated pre-contract uncertainty","Most renovators already know applicability before estimating or the decision rarely occurs"
9,CHBA Renovation Market Index,independent national cohort,"Canadian renovator research panel",rmi@chba.ca,sent_2026-08-27_followup_2026-08-28,"Can a neutral renovator panel measure project cadence and the subset requiring permit-applicability research before contract?","Regional anonymous survey data demonstrates repeated pre-contract permit-decision incidence","Survey evidence shows low/edge-case incidence or applicability is generally resolved elsewhere"
